<?xml version="1.0" encoding="UTF-8"?>
<beans xmlns="http://www.springframework.org/schema/beans"
    xmlns:context="http://www.springframework.org/schema/context"
    xmlns:mvc="http://www.springframework.org/schema/mvc"
    xmlns:p="http://www.springframework.org/schema/p"
    xmlns:xsi="http://www.w3.org/2001/XMLSchema-instance"
    xmlns:tx="http://www.springframework.org/schema/tx"
    xsi:schemaLocation="
        http://www.springframework.org/schema/beans     
        http://www.springframework.org/schema/beans/spring-beans-3.0.xsd
        http://www.springframework.org/schema/context
        http://www.springframework.org/schema/context/spring-context-3.0.xsd
        http://www.springframework.org/schema/mvc
        http://www.springframework.org/schema/mvc/spring-mvc-3.0.xsd
        http://www.springframework.org/schema/tx
        http://www.springframework.org/schema/tx/spring-tx-4.0.xsd
        ">
	
	<mvc:annotation-driven />
	<context:component-scan base-package="com.trainshop.dao" />
	<context:component-scan base-package="com.trainshop.service" />
	<context:component-scan base-package="com.trainshop.controller" />
	
	<mvc:resources location="html" mapping="*.html" />
	<mvc:resources location="jsp" mapping="*.jsp" />
	<mvc:resources location="js" mapping="*.js" />
	<mvc:resources location="json" mapping="*.json" />
	<mvc:resources location="xml" mapping="*.xml" />
	<mvc:resources location="/js/" mapping="/js/**" />
	<mvc:resources location="/css/" mapping="/css/**" />
	<mvc:resources location="/common/" mapping="/common/**" />
	<mvc:resources location="/shop/" mapping="/shop/**" />
	<mvc:resources location="/pages/" mapping="/pages/**" />
	
	<mvc:view-controller path="/" view-name="users/initLogin"/>
	
	<!-- 基于注释的事务，当注释中发现@Transactional时，使用id为“transactionManager”的事务管理器  -->
    <!-- 如果没有设置transaction-manager的值，则spring以缺省默认的事务管理器来处理事务，默认事务管理器为第一个加载的事务管理器 -->
    <tx:annotation-driven transaction-manager="transactionManager"/>
    
    <!-- 定义视图解析器 -->
    <bean class="org.springframework.web.servlet.view.InternalResourceViewResolver">
        <property name="prefix">
            <value>/</value>
        </property>
        <property name="suffix">
            <value>.jsp</value>
        </property>
    </bean>
   
</beans>  